86	Saving Rhinos
87	Queen of the Deep
38	Education
34	The Economy
37	Immigration
36	Energy
35	Health Care
24	Cultural Comparison
64	Introduction to Argument Writing
65	Elements of Argument Writing
66	The Writing Process
67	PreWrite, Plan, and Peer Review
68	The Intro and Body
69	The Conclusion
70	Revise, Edit, Publish
77	A World of Food
79	Eat Greens First!
78	Where Does Food Come From?
80	Celebrate Diverse Foods!
81	At The Grocery Store
82	Let's Eat Healthy Together
6	A World of News
1	The Environment
2	Poverty
3	Technology
4	War and Conflict
5	Government
41	History
45	Rock The Vote!
53	Discrimination Long Ago
54	Mahatma Gandhi
42	Art and Literature
43	Pop Culture
44	Reflection
55	The Fight for Civil Rights
56	Helen Joseph and Rosa Parks
57	Walking to Freedom
88	Young Heroes for the Planet
58	Home Is Where You Find It
59	My Country Is Tibet
60	Displaced But Not Defeated
61	Fire In Our Hearts
62	Poet Against Prejudice
63	The World Through Our Eyes
52	Diversity and Discrimination
83	A Pollinator Problem
96	Introduction
95	Introduction
94	Introduction
93	Introduction
92	Introduction
40	Daily Life
39	Food
84	Reefs Under Attack
85	A Groundbreaking Crisis
