id,title,video_id
168,Learn Together,166889718
5,Government,48746998
2,Poverty,54955691
3,Technology,54955862
4,War & Conflict,55948298
1,The Environment,55949156
137,The World Through Our Eyes,144550053
28,Cultural Comparison,37668199
87,Education,46786318
86,Immigration,45947201
88,Economy,44463396
85,Health Care,46755035
84,Energy,45947200
125,Diversity and Discrimination,141105852
126,Discrimination Long Ago,141108263
26,Interview an adult about the topic of your choice!,37668199
124,Decision 2016,44539140
127,Mahatma Gandhi,141813417
132,Food in Latin America,105318369
133,My Country Is Tibet,149080038
130,Walking to Freedom,142264512
129,Helen Joseph and Rosa Parks,142264530
128,Nelson Mandela and Martin Luther King Jr.,142264543
135,Fire In Our Hearts,149154565
136,Poet Against Prejudice,153127301
134,Displaced But Not Defeated,149176841
139,Elements of Argument Writing,37668199
140,The Writing Process,37668199
141,"PreWrite, Plan, and Peer Review",37668199
142,The Intro and Body,37668199
143,The Conclusion,37668199
144,"Revise, Edit, Publish",37668199
145,Healthy Eating,118598765
163,Daily Life 2,194401808
164,Food 2,194402262
165,History 2,194402640
166,Art & Literature 2,194401480
138,Introduction to Argument Writing,152333649
151,Intro to Argument Writing,152333649
167,Popular Culture 2,194403136
160,History,194393996
131,Home Is Where You Find It,149034033
153,Saving Rhinos,173656860
152,A Groundbreaking Crisis,173656861
154,Under the Sea,173656859
155,A Pollinator Problem,173656858
156,The Great Barrier Reef is Under Attack,173656857
157,Young Heroes for the Planet,179249902
158,Daily Life,194394818
159,Food,194394461
161,Art & Literature,194393168
162,Popular Culture,194393459
